{
    "version": "3.5",
    "buildDate": "2013-08-07",
    "authors": "Matt Lantz",
    "components": [
        { "title": "CodeIgniter", "link": "http://codeigniter.com/" },
        { "title": "jQuery", "link": "http://jquery.com/" }, 
        { "title": "jQuery Mobile", "link": "http://jquerymobile.com/" },
        { "title": "ToolBox", "link": "https://github.com/mlantz/toolbox" },
        { "title": "DeefaultJS", "link": "https://github.com/mlantz/deefault" },
        { "title": "TooltipJS", "link": "https://github.com/mlantz/tooltipJS" },
        { "title": "rawCSS", "link": "https://github.com/mlantz/rawCSS" }
    ]
}